[
{
  "model": "webapp.product",
  "pk": 1,
  "fields": {
    "name": "\u041b\u043e\u0434\u043a\u0430 \u0440\u0435\u0437\u0438\u043d\u043e\u0432\u0430\u044f",
    "description": "\u041e\u0442\u043b\u0438\u0447\u043d\u0430\u044f \u043b\u043e\u0434\u043a\u0430 \u0434\u043b\u044f \u0441\u043f\u043b\u0430\u0432\u0430 \u043f\u043e \u0440\u0435\u043a\u0435 \u0410\u043b\u0430-\u0410\u0440\u0447\u0435!",
    "category": "other",
    "amount": 1,
    "price": "100.00"
  }
},
{
  "model": "webapp.product",
  "pk": 2,
  "fields": {
    "name": "\u041c\u0438\u043d\u0435\u0440\u0430\u043b\u044c\u043d\u0430\u044f \u0432\u043e\u0434\u0430",
    "description": "\u0412\u043a\u0443\u0441\u043d\u0430\u044f, \u0445\u043e\u043b\u043e\u0434\u043d\u0430\u044f, \u0433\u043e\u0440\u043d\u0430\u044f \u0432\u043e\u0434\u0430. \"\u041b\u0435\u0433\u0435\u043d\u0434\u0430\"!",
    "category": "food",
    "amount": 97,
    "price": "20.00"
  }
},
{
  "model": "webapp.product",
  "pk": 3,
  "fields": {
    "name": "\u041b\u0435\u043f\u0451\u0448\u043a\u0430 \u0442\u0430\u043d\u0434\u044b\u0440\u043d\u0430\u044f",
    "description": "\u0412\u043a\u0443\u0441\u043d\u0430\u044f, \u0433\u043e\u0440\u044f\u0447\u0430\u044f \u043b\u0435\u043f\u0451\u0448\u043a\u0430.",
    "category": "food",
    "amount": 4,
    "price": "22.00"
  }
},
{
  "model": "webapp.product",
  "pk": 4,
  "fields": {
    "name": "\u041f\u0430\u0440\u043e\u0432\u043e\u0437\u0438\u043a \u0418\u041a\u0415\u042f",
    "description": "\u041d\u0430\u0431\u043e\u0440 \u0438\u0437 3 \u0432\u0430\u0433\u043e\u043d\u043e\u0432 \u0438 \u0434\u0435\u0440\u0435\u0432\u044f\u043d\u043d\u043e\u0439 \u0436\u0435\u043b\u0435\u0437\u043d\u043e\u0439 \u0434\u043e\u0440\u043e\u0433\u0438.",
    "category": "toys",
    "amount": 2,
    "price": "1100.00"
  }
},
{
  "model": "webapp.product",
  "pk": 5,
  "fields": {
    "name": "\u041c\u0430\u0441\u043a\u0430 \u043c\u0435\u0434\u0438\u0446\u0438\u043d\u0441\u043a\u0430\u044f",
    "description": "\u041a\u043e\u0440\u043e\u043d\u0430\u0432\u0438\u0440\u0443\u0441",
    "category": "other",
    "amount": 0,
    "price": "20.00"
  }
},
{
  "model": "webapp.product",
  "pk": 7,
  "fields": {
    "name": "\u041c\u043e\u043d\u0438\u0442\u043e\u0440 Acer",
    "description": "\u041c\u043e\u043d\u0438\u0442\u043e\u0440, \u043a\u0443\u0434\u0430 \u0432\u043b\u0435\u0437\u0430\u0435\u0442 \u0432\u0441\u0451 \u0438 \u0434\u0430\u0436\u0435 \u0431\u043e\u043b\u044c\u0448\u0435!",
    "category": "other",
    "amount": 1,
    "price": "1000.00"
  }
},
{
  "model": "webapp.product",
  "pk": 8,
  "fields": {
    "name": "\u041e\u0440\u0431\u0438\u0442 \u0431\u0435\u0437 \u0441\u0430\u0445\u0430\u0440\u0430",
    "description": "\u0421\u0430\u043c\u0430 \u0436\u0435\u0432\u0430\u043b\u0430 \u0434\u0430 \u0430\u0445\u0430\u043b\u0430",
    "category": "food",
    "amount": 999,
    "price": "5.00"
  }
},
{
  "model": "webapp.product",
  "pk": 9,
  "fields": {
    "name": "\u0414\u0436\u0443\u0441\u0438 \u0444\u0440\u0443\u0442",
    "description": "\u041e\u0442 \u043d\u0435\u0433\u043e \u043c\u0443\u0445\u0438 \u043c\u0440\u0443\u0442,\r\n\u0410 \u0442\u0432\u043e\u0439 \u043e\u0440\u0431\u0438\u0442 \u0432\u0441\u0435 \u0437\u0443\u0431\u044b \u0441\u0433\u043e\u0440\u0431\u0438\u0442!",
    "category": "food",
    "amount": 978,
    "price": "5.00"
  }
},
{
  "model": "webapp.product",
  "pk": 10,
  "fields": {
    "name": "\u0420\u0443\u043b\u043e\u043d \u041f\u0430\u043a\u0435\u0442\u043e\u0432",
    "description": "100 \u0448\u0442.",
    "category": "household",
    "amount": 49,
    "price": "100.00"
  }
},
{
  "model": "webapp.product",
  "pk": 11,
  "fields": {
    "name": "\u041c\u0430\u0448\u0438\u043d\u043a\u0430 \u043f\u043b\u0430\u0441\u0442\u0438\u043a\u043e\u0432\u0430\u044f",
    "description": "\u041b\u043e\u043c\u0430\u0435\u0442\u0441\u044f \u0441 \u043e\u0434\u043d\u043e\u0433\u043e \u0443\u0434\u0430\u0440\u0430",
    "category": "toys",
    "amount": 50,
    "price": "50.00"
  }
},
{
  "model": "webapp.product",
  "pk": 12,
  "fields": {
    "name": "\u041f\u0443\u043b\u044c\u0442 \u043e\u0442 \u043a\u043e\u043d\u0434\u0438\u0446\u0438\u043e\u043d\u0435\u0440\u0430",
    "description": "\u041d\u0435 \u0441\u043f\u0440\u0430\u0448\u0438\u0432\u0430\u0439\u0442\u0435, \u0433\u0434\u0435 \u044f \u0435\u0433\u043e \u043d\u0430\u0448\u0451\u043b",
    "category": "other",
    "amount": 1,
    "price": "200.00"
  }
},
{
  "model": "webapp.order",
  "pk": 18,
  "fields": {
    "name": "DANIIL SHVETS",
    "phone": "0776953077",
    "address": "\u0423\u043b. \u0411\u043e\u043a\u043e\u043d\u0431\u0430\u0435\u0432\u0430 \u0434\u043e\u043c 245, 114",
    "created_at": "2020-09-20T07:11:26.092Z",
    "user": null
  }
},
{
  "model": "webapp.order",
  "pk": 19,
  "fields": {
    "name": "DANIIL SHVETS",
    "phone": "0776953077",
    "address": "\u0423\u043b. \u0411\u043e\u043a\u043e\u043d\u0431\u0430\u0435\u0432\u0430 \u0434\u043e\u043c 245, 114",
    "created_at": "2020-09-20T07:12:08.846Z",
    "user": null
  }
},
{
  "model": "webapp.order",
  "pk": 20,
  "fields": {
    "name": "DANIIL SHVETS",
    "phone": "0776953077",
    "address": "\u0423\u043b. \u0411\u043e\u043a\u043e\u043d\u0431\u0430\u0435\u0432\u0430 \u0434\u043e\u043c 245, 114",
    "created_at": "2020-09-20T07:13:01.062Z",
    "user": null
  }
},
{
  "model": "webapp.order",
  "pk": 21,
  "fields": {
    "name": "DANIIL SHVETS",
    "phone": "0776953077",
    "address": "\u0423\u043b. \u0411\u043e\u043a\u043e\u043d\u0431\u0430\u0435\u0432\u0430 \u0434\u043e\u043c 245, 114",
    "created_at": "2020-09-20T07:13:38.989Z",
    "user": 2
  }
},
{
  "model": "webapp.order",
  "pk": 22,
  "fields": {
    "name": "DANIIL SHVETS",
    "phone": "0776953077",
    "address": "\u0423\u043b. \u0411\u043e\u043a\u043e\u043d\u0431\u0430\u0435\u0432\u0430 \u0434\u043e\u043c 245, 114",
    "created_at": "2020-09-20T07:14:08.708Z",
    "user": null
  }
},
{
  "model": "webapp.order",
  "pk": 23,
  "fields": {
    "name": "DANIIL SHVETS",
    "phone": "0776953077",
    "address": "\u0423\u043b. \u0411\u043e\u043a\u043e\u043d\u0431\u0430\u0435\u0432\u0430 \u0434\u043e\u043c 245, 114",
    "created_at": "2020-09-20T07:15:18.426Z",
    "user": null
  }
},
{
  "model": "webapp.order",
  "pk": 24,
  "fields": {
    "name": "DANIIL SHVETS",
    "phone": "0776953077",
    "address": "\u0423\u043b. \u0411\u043e\u043a\u043e\u043d\u0431\u0430\u0435\u0432\u0430 \u0434\u043e\u043c 245, 114",
    "created_at": "2020-09-20T07:15:37.361Z",
    "user": 2
  }
},
{
  "model": "webapp.order",
  "pk": 25,
  "fields": {
    "name": "DANIIL SHVETS",
    "phone": "0776953077",
    "address": "\u0423\u043b. \u0411\u043e\u043a\u043e\u043d\u0431\u0430\u0435\u0432\u0430 \u0434\u043e\u043c 245, 114",
    "created_at": "2020-09-20T07:50:13.122Z",
    "user": 1
  }
},
{
  "model": "webapp.order",
  "pk": 26,
  "fields": {
    "name": "test",
    "phone": "555555",
    "address": "asdasdas",
    "created_at": "2020-09-20T10:28:09.493Z",
    "user": 2
  }
},
{
  "model": "webapp.orderproduct",
  "pk": 1,
  "fields": {
    "product": 9,
    "order": 1,
    "qty": 1
  }
},
{
  "model": "webapp.orderproduct",
  "pk": 2,
  "fields": {
    "product": 9,
    "order": 2,
    "qty": 1
  }
},
{
  "model": "webapp.orderproduct",
  "pk": 3,
  "fields": {
    "product": 3,
    "order": 4,
    "qty": 1
  }
},
{
  "model": "webapp.orderproduct",
  "pk": 4,
  "fields": {
    "product": 2,
    "order": 4,
    "qty": 1
  }
},
{
  "model": "webapp.orderproduct",
  "pk": 5,
  "fields": {
    "product": 9,
    "order": 5,
    "qty": 1
  }
},
{
  "model": "webapp.orderproduct",
  "pk": 6,
  "fields": {
    "product": 3,
    "order": 5,
    "qty": 1
  }
},
{
  "model": "webapp.orderproduct",
  "pk": 7,
  "fields": {
    "product": 9,
    "order": 6,
    "qty": 1
  }
},
{
  "model": "webapp.orderproduct",
  "pk": 8,
  "fields": {
    "product": 3,
    "order": 6,
    "qty": 1
  }
},
{
  "model": "webapp.orderproduct",
  "pk": 9,
  "fields": {
    "product": 9,
    "order": 7,
    "qty": 1
  }
},
{
  "model": "webapp.orderproduct",
  "pk": 10,
  "fields": {
    "product": 3,
    "order": 7,
    "qty": 1
  }
},
{
  "model": "webapp.orderproduct",
  "pk": 11,
  "fields": {
    "product": 9,
    "order": 8,
    "qty": 1
  }
},
{
  "model": "webapp.orderproduct",
  "pk": 12,
  "fields": {
    "product": 3,
    "order": 8,
    "qty": 1
  }
},
{
  "model": "webapp.orderproduct",
  "pk": 13,
  "fields": {
    "product": 9,
    "order": 10,
    "qty": 1
  }
},
{
  "model": "webapp.orderproduct",
  "pk": 14,
  "fields": {
    "product": 3,
    "order": 10,
    "qty": 1
  }
},
{
  "model": "webapp.orderproduct",
  "pk": 15,
  "fields": {
    "product": 9,
    "order": 11,
    "qty": 1
  }
},
{
  "model": "webapp.orderproduct",
  "pk": 16,
  "fields": {
    "product": 9,
    "order": 12,
    "qty": 1
  }
},
{
  "model": "webapp.orderproduct",
  "pk": 17,
  "fields": {
    "product": 9,
    "order": 13,
    "qty": 1
  }
},
{
  "model": "webapp.orderproduct",
  "pk": 18,
  "fields": {
    "product": 9,
    "order": 14,
    "qty": 1
  }
},
{
  "model": "webapp.orderproduct",
  "pk": 19,
  "fields": {
    "product": 9,
    "order": 15,
    "qty": 1
  }
},
{
  "model": "webapp.orderproduct",
  "pk": 20,
  "fields": {
    "product": 9,
    "order": 17,
    "qty": 1
  }
},
{
  "model": "webapp.orderproduct",
  "pk": 21,
  "fields": {
    "product": 9,
    "order": 18,
    "qty": 1
  }
},
{
  "model": "webapp.orderproduct",
  "pk": 22,
  "fields": {
    "product": 9,
    "order": 19,
    "qty": 1
  }
},
{
  "model": "webapp.orderproduct",
  "pk": 23,
  "fields": {
    "product": 9,
    "order": 20,
    "qty": 1
  }
},
{
  "model": "webapp.orderproduct",
  "pk": 24,
  "fields": {
    "product": 9,
    "order": 21,
    "qty": 1
  }
},
{
  "model": "webapp.orderproduct",
  "pk": 25,
  "fields": {
    "product": 9,
    "order": 23,
    "qty": 1
  }
},
{
  "model": "webapp.orderproduct",
  "pk": 26,
  "fields": {
    "product": 9,
    "order": 24,
    "qty": 1
  }
},
{
  "model": "webapp.orderproduct",
  "pk": 27,
  "fields": {
    "product": 2,
    "order": 22,
    "qty": 2
  }
},
{
  "model": "webapp.orderproduct",
  "pk": 28,
  "fields": {
    "product": 2,
    "order": 25,
    "qty": 1
  }
},
{
  "model": "webapp.orderproduct",
  "pk": 29,
  "fields": {
    "product": 9,
    "order": 25,
    "qty": 3
  }
},
{
  "model": "webapp.orderproduct",
  "pk": 30,
  "fields": {
    "product": 10,
    "order": 26,
    "qty": 1
  }
},
{
  "model": "webapp.orderproduct",
  "pk": 31,
  "fields": {
    "product": 8,
    "order": 26,
    "qty": 1
  }
},
{
  "model": "webapp.orderproduct",
  "pk": 32,
  "fields": {
    "product": 2,
    "order": 26,
    "qty": 1
  }
},
{
  "model": "accounts.profile",
  "pk": 1,
  "fields": {
    "user": 2,
    "birth_date": null,
    "avatar": ""
  }
}
]
